filename,LOC
/crafted/4-A-synthesis_realizable.c,61
/crafted/array_positive_sum_v1_loop_realizable.c,39
/crafted/array_positive_sum_v2_loop_unrealizable.c,39
/crafted/bat_bug_loop_example_realizable.c,23
/crafted/bat_bug_loop_v1_realizable.c,29
/crafted/bat_bug_loop_v2_realizable.c,29
/crafted/bat_bug_loop_yakir_realizable.c,39
/crafted/bat_bug_loop5_realizable.c,40
/crafted/bat_bug_v1_realizable.c,25
/crafted/bat_bug_v2_realizable.c,25
/crafted/bat_bug3_realizable.c,25
/crafted/bat_bug4_realizable.c,25
/crafted/binary_search_synthesis_v1_realizable.c,43
/crafted/binary_search_synthesis_v2_realizable.c,47
/crafted/binary_search_synthesis_v3_unrealizable.c,43
/crafted/bubble_max_sort_v1_realizable.c,63
/crafted/bubble_max_sort_v2_unrealizable.c,63
/crafted/function_call_nontrivial_realizable.c,26
/crafted/function_call_realizable.c,28
/crafted/function_call_unrealizable.c,29
/crafted/if1_v1_realizable.c,17
/crafted/if2_v1_realizable.c,17
/crafted/loop_v1_unrealizable.c,12
/crafted/loop_with_assert_realizable.c,21
/crafted/max_abs_plus_div_v1_realizable.c,27
/crafted/max_abs_plus_div_v2_realizable.c,28
/crafted/max_abs_plus_div_v3_unrealizable.c,27
/crafted/max_abs_plus_div_v4_realizable.c,28
/crafted/nonterminating_v1_realizable.c,13
/crafted/one_branch_v1_unrealizable.c,14
/crafted/Qlose_findC_v1_realizable.c,34
/crafted/Qlose_findC_v1_unrealizable.c,34
/crafted/Qlose_largestGap3_v1_realizable.c,35
/crafted/singleton_v1_unrealizable.c,14
/sv-comp/locks/test_locks_10.c,66
/sv-comp/locks/test_locks_11.c,71
/sv-comp/locks/test_locks_12.c,77
/sv-comp/locks/test_locks_13.c,82
/sv-comp/locks/test_locks_14-1.c,87
/sv-comp/locks/test_locks_14-2.c,87
/sv-comp/locks/test_locks_15-1.c,92
/sv-comp/locks/test_locks_15-2.c,91
/sv-comp/locks/test_locks_5.c,41
/sv-comp/locks/test_locks_6.c,47
/sv-comp/locks/test_locks_7.c,51
/sv-comp/locks/test_locks_8.c,56
/sv-comp/locks/test_locks_9.c,61
/sv-comp/ntdrivers-simplified/cdaudio_simpl1_synth_cil-1_unknown.c,2103
/sv-comp/ntdrivers-simplified/cdaudio_simpl1_synth_cil-2_unknown.c,2099
/sv-comp/ntdrivers-simplified/diskperf_simpl1_synth_cil_unknown.c,1057
/sv-comp/ntdrivers-simplified/floppy_simpl3_synth_cil-1_unknown.c,1083
/sv-comp/ntdrivers-simplified/floppy_simpl3_synth_cil-2_unknown.c,1096
/sv-comp/ntdrivers-simplified/floppy_simpl4_synth_cil-1_unknown.c,1516
/sv-comp/ntdrivers-simplified/floppy_simpl4_synth_cil-2_unknown.c,1516
/sv-comp/ntdrivers-simplified/kbfiltr_simpl1_synth_cil_unknown.c,564
/sv-comp/ntdrivers-simplified/kbfiltr_simpl2_synth_cil-1_unknown.c,963
/sv-comp/ntdrivers-simplified/kbfiltr_simpl2_synth_cil-2_unknown.c,965
/sv-comp/ssh-simplified/s3_clnt_1_cil-1.c,546
/sv-comp/ssh-simplified/s3_clnt_1_cil-2.c,546
/sv-comp/ssh-simplified/s3_clnt_2_cil-1.c,551
/sv-comp/ssh-simplified/s3_clnt_2_cil-2.c,551
/sv-comp/ssh-simplified/s3_clnt_3_cil-1.c,529
/sv-comp/ssh-simplified/s3_clnt_3_cil-2.c,578
/sv-comp/ssh-simplified/s3_clnt_3_cil-3.c,575
/sv-comp/ssh-simplified/s3_clnt_4_cil-1.c,551
/sv-comp/ssh-simplified/s3_clnt_4_cil-2.c,551
/sv-comp/ssh-simplified/s3_srvr_1_cil-1.c,615
/sv-comp/ssh-simplified/s3_srvr_1_cil-2.c,618
/sv-comp/ssh-simplified/s3_srvr_10_cil.c,631
/sv-comp/ssh-simplified/s3_srvr_11_cil.c,635
/sv-comp/ssh-simplified/s3_srvr_12_cil.c,699
/sv-comp/ssh-simplified/s3_srvr_13_cil.c,645
/sv-comp/ssh-simplified/s3_srvr_14_cil.c,643
/sv-comp/ssh-simplified/s3_srvr_1a_cil.c,201
/sv-comp/ssh-simplified/s3_srvr_1b_cil.c,131
/sv-comp/ssh-simplified/s3_srvr_2_cil-1.c,611
/sv-comp/ssh-simplified/s3_srvr_2_cil-2.c,613
/sv-comp/ssh-simplified/s3_srvr_3_cil.c,612
/sv-comp/ssh-simplified/s3_srvr_4_cil.c,613
/sv-comp/ssh-simplified/s3_srvr_6_cil-1.c,674
/sv-comp/ssh-simplified/s3_srvr_6_cil-2.c,673
/sv-comp/ssh-simplified/s3_srvr_7_cil.c,627
/sv-comp/ssh-simplified/s3_srvr_8_cil.c,636
/tcas/tcas_v1_realizable.c,237
/tcas/tcas_v10_realizable.c,242
/tcas/tcas_v11_unknown.c,240
/tcas/tcas_v12_unknown.c,237
/tcas/tcas_v13_unknown.c,237
/tcas/tcas_v14_unknown.c,237
/tcas/tcas_v15_unknown.c,237
/tcas/tcas_v16_unknown.c,236
/tcas/tcas_v17_unknown.c,236
/tcas/tcas_v18_unknown.c,236
/tcas/tcas_v19_unknown.c,236
/tcas/tcas_v2_unknown.c,237
/tcas/tcas_v20_realizable.c,237
/tcas/tcas_v21_unknown.c,237
/tcas/tcas_v22_unknown.c,237
/tcas/tcas_v23_unknown.c,237
/tcas/tcas_v24_unknown.c,237
/tcas/tcas_v25_realizable.c,237
/tcas/tcas_v26_unknown.c,237
/tcas/tcas_v27_unknown.c,237
/tcas/tcas_v28_realizable.c,237
/tcas/tcas_v29_unknown.c,237
/tcas/tcas_v3_realizable.c,237
/tcas/tcas_v30_unknown.c,237
/tcas/tcas_v31_unknown.c,239
/tcas/tcas_v32_unknown.c,239
/tcas/tcas_v33_unknown.c,237
/tcas/tcas_v34_realizable.c,232
/tcas/tcas_v35_unknown.c,237
/tcas/tcas_v36_unknown.c,236
/tcas/tcas_v37_unknown.c,236
/tcas/tcas_v38_unknown.c,236
/tcas/tcas_v39_unknown.c,237
/tcas/tcas_v4_realizable.c,237
/tcas/tcas_v40_realizable.c,242
/tcas/tcas_v41_unknown.c,237
/tcas/tcas_v5_realizable.c,237
/tcas/tcas_v6_realizable.c,237
/tcas/tcas_v7_unknown.c,236
/tcas/tcas_v8_unknown.c,236
/tcas/tcas_v9_realizable.c,237
